code,qr_url,status,batch_name,assigned_to
PF-000001,https://farecoh.org/t/14da99bc3706baf42baf98b96a0790db3e358a76662879398845caccffb509a5,available,LOTE GENERAL 001,
PF-000002,https://farecoh.org/t/58df62364220346d04533f66356900f4867491a2a4403aaad02ca360d4b89eb4,available,LOTE GENERAL 001,
PF-000003,https://farecoh.org/t/415d91891f65a227c2ed69060f16864d082e86ad3474bcace07ad5487e3bc24b,available,LOTE GENERAL 001,
PF-000004,https://farecoh.org/t/332139cd4a92b8ca468170223f9c40f02d089eed0071d0a2b7d2bf54e3c9b5ce,available,LOTE GENERAL 001,
PF-000005,https://farecoh.org/t/183bf2ed18a6a95b82b47f1e869ef23bfc398b8d9f15c90c306d5b2c4ccfe3c2,available,LOTE GENERAL 001,
PF-000006,https://farecoh.org/t/eefaf0c7a19887d0db81092ae55c0b0e0971e3c2f8ed937144712545a9034047,available,LOTE GENERAL 001,
PF-000007,https://farecoh.org/t/cf511e43f511f895a64a1dbf2c2d4b0102a2ef1c45065e2df32cb5ae18979572,available,LOTE GENERAL 001,
PF-000008,https://farecoh.org/t/097baf9196c8ed4e9aa27e0155b0dc01d665fa7aa12a3d4d39d57a8aef76aa7b,available,LOTE GENERAL 001,
PF-000009,https://farecoh.org/t/3ea52930eca7c4eb9bfa52634dea0325e6a6219622b174e0ace04a4ef998bc51,available,LOTE GENERAL 001,
PF-000010,https://farecoh.org/t/34adb1b147d88ede557a7ac18a1f63591dd91ff10fa3fdb1db731dd8719facca,available,LOTE GENERAL 001,
PF-000011,https://farecoh.org/t/f7452f80f953387fe2a5406b2020e87bfc499e0ce2940a4be914cb6937775fe8,available,LOTE GENERAL 001,
PF-000012,https://farecoh.org/t/48c774366e0f6be43b41b8dac88b1c530ebfc0b351a560630047d25025218db2,available,LOTE GENERAL 001,
PF-000013,https://farecoh.org/t/af1f0505598090d182de840bf6bcea7fdc57eddcc8685429b6898c76aa190cec,available,LOTE GENERAL 001,
PF-000014,https://farecoh.org/t/c5410f5e5e5e04203472d1796ac8b1975d010bd1eedfe5610c8dd2cd9ea14e5f,available,LOTE GENERAL 001,
PF-000015,https://farecoh.org/t/dbe0da7cfd858c91ab87d21428721090f33b24d596849e12102c0ff6826dfb0f,available,LOTE GENERAL 001,
PF-000016,https://farecoh.org/t/971586bdc3d5e273b57ba8d393d1aa5b58b8002a50252261a11cdcf3cfe10ace,available,LOTE GENERAL 001,
PF-000017,https://farecoh.org/t/1d6fbe0a03bc6c6f3a1d8a5c217f207c30efccd0b8a7ac5390c7f37ad9c51e50,available,LOTE GENERAL 001,
PF-000018,https://farecoh.org/t/993b5560a348723bcaf3b224667bf298e4c39a2b3bc3573b1c8c51e5b8c0edb8,available,LOTE GENERAL 001,
PF-000019,https://farecoh.org/t/5faafb8188170ef276ef69e700abfd0b32185d2cdf7503ef6eb57c9066223e30,available,LOTE GENERAL 001,
PF-000020,https://farecoh.org/t/f408323b8f9a9a0172116b8c28cebf79e4514cd24cafa6fe76deac2ef0bc0c90,available,LOTE GENERAL 001,
PF-000021,https://farecoh.org/t/b344e4549290cb807d637b5ed6f43c51227c11f87f072bbde362c2914d623cc3,available,LOTE GENERAL 001,
PF-000022,https://farecoh.org/t/067ae8b160a593d6982a5605270961c06de9d55eb314f17f119f4f7e7299b205,available,LOTE GENERAL 001,
PF-000023,https://farecoh.org/t/c60508d3dba15bfcbde42163d30842be2180e49bbb0ebb95d9019d301a8d1c76,available,LOTE GENERAL 001,
PF-000024,https://farecoh.org/t/5cddc6d2434079e93cbba3526cd941aca1682af28fe3b4f829294c74451ca48e,available,LOTE GENERAL 001,
PF-000025,https://farecoh.org/t/d6353f3396cb783b3e4059152eab2e411cc7311ff60ac3d594323c52687499c3,available,LOTE GENERAL 001,
PF-000026,https://farecoh.org/t/279f05d1c3ea7d2dd3aef22eb344d6a466d5bc4fec7449b92c96e629526642a1,available,LOTE GENERAL 001,
PF-000027,https://farecoh.org/t/8d916f4b9e6d806830c33fc345f715bf88a73a2bc0fb53842c0ec299146b894a,available,LOTE GENERAL 001,
PF-000028,https://farecoh.org/t/88205730b42ea1f1c0d16fbb129c1b05fe2df3c6ae5c191e5b1ec1c5c7481613,available,LOTE GENERAL 001,
PF-000029,https://farecoh.org/t/a085fa1a8a461ab7ff20d0cf0ba88d2f5bc778bb4c6b150f6e4e673f468db689,available,LOTE GENERAL 001,
PF-000030,https://farecoh.org/t/e9fe899341f366742312aaaa506a56097f7dd584fe5f7125832cab3db26b4a83,available,LOTE GENERAL 001,
PF-000031,https://farecoh.org/t/faafc6431cf7ade51019f915985a0e89cfa13e75ca4ea4274d4994ede821f0b7,available,LOTE GENERAL 001,
PF-000032,https://farecoh.org/t/babc3aea29ecdeb320f344c8deaf9a2283e5a42e898a11028d1cace1a082c300,available,LOTE GENERAL 001,
PF-000033,https://farecoh.org/t/97cee1189e4e5b366b6398bfd04e9f55b88397d4e8b00fac4866cbd01e56b616,available,LOTE GENERAL 001,
PF-000034,https://farecoh.org/t/2b9d99950aaedcc1df1f05d1783bae8583aea4decf012ba91793bffcfacecf68,available,LOTE GENERAL 001,
PF-000035,https://farecoh.org/t/cc470c048058073de33399388dcedf5f8fa630521e4259ae3ec214779170ecf6,available,LOTE GENERAL 001,
PF-000036,https://farecoh.org/t/b286096bd41658533b47cdcad515ab4e81bc95194983c23cf69c689236f960cc,available,LOTE GENERAL 001,
PF-000037,https://farecoh.org/t/a8ba0419145138d60198ef6085497f3567f35a1c18476a70cfc7b111ce6b1258,available,LOTE GENERAL 001,
PF-000038,https://farecoh.org/t/6c1eec8eacdfc9530d9349196476989cfe611ad84ac2108a24ad3618c63c9961,available,LOTE GENERAL 001,
PF-000039,https://farecoh.org/t/24451eb2711992a22325caaf5990631fa330f416aa4fc91613238f3d6dfe8fb8,available,LOTE GENERAL 001,
PF-000040,https://farecoh.org/t/147f6183b45a2bc8c0cac9ad89e0a8070e478ebc9cca56ff575cde61274f4bfe,available,LOTE GENERAL 001,
PF-000041,https://farecoh.org/t/4ed53128574316ba53274c661535206c13fcec3fb39d386579c7b135947dc841,available,LOTE GENERAL 001,
PF-000042,https://farecoh.org/t/3819421921f04b83dd7485eb56ae559b76fc9b0213f0545ca627f1c76942d91e,available,LOTE GENERAL 001,
PF-000043,https://farecoh.org/t/793463bb5dfa417d436c48b9b174dbd7e415ce7fcd6dcfbceb6f2d1bad1d491a,available,LOTE GENERAL 001,
PF-000044,https://farecoh.org/t/849369f61278c301e07e32434b4644185b770b11efadc20f1408e51529b7474f,available,LOTE GENERAL 001,
PF-000045,https://farecoh.org/t/6b35a199b017be27b191fc8835140802aa6c09397cc5857a6381170e3e31e781,available,LOTE GENERAL 001,
PF-000046,https://farecoh.org/t/093ba5794fc0d9c00afbc92a22727e0abcab3b052997fd478b94072a0a8a31c0,available,LOTE GENERAL 001,
PF-000047,https://farecoh.org/t/04bbb06ce26c13071742439c21a696423b10168957e5932aa0f484764d3b5e6c,available,LOTE GENERAL 001,
PF-000048,https://farecoh.org/t/c129924a9e52ac4fa64f42b54ae6ad3e2973bf76caa2f19f2c436361710e8546,available,LOTE GENERAL 001,
PF-000049,https://farecoh.org/t/b799016752f3d1156c549c5aacc8219303fb02eeb02c8175fabb54f84bc5f552,available,LOTE GENERAL 001,
PF-000050,https://farecoh.org/t/4d35affdf19ef2957d7e5669fb5d8eb40afb0f904a23aab33adc5dc4e941e5f7,available,LOTE GENERAL 001,
PF-000051,https://farecoh.org/t/08e3a6fa6f7143b9f6b6c47353376828bf17f194c6a83544549df53f5c119794,available,LOTE GENERAL 001,
PF-000052,https://farecoh.org/t/bb17a30169de098e0128aba1875aa4b7e277130dd4f1fb2d5c596c613dcce0e8,available,LOTE GENERAL 001,
PF-000053,https://farecoh.org/t/e8b6996ecc2e8a5d66872a7946728dbc26a7fd116bc9bcb464e4f160a5b64eb2,available,LOTE GENERAL 001,
PF-000054,https://farecoh.org/t/779148867d16de803953f56ee133bc045531c4aa2ed90a73f897ddd2d84c87c7,available,LOTE GENERAL 001,
PF-000055,https://farecoh.org/t/292818cb269545a4112a7ff056f0856f167b832da585e1f26157e15a41531de7,available,LOTE GENERAL 001,
PF-000056,https://farecoh.org/t/3ae2d7dc9b91eecb6139ee345863dc8192bcf55f0feaf3f503e736bb58035d3b,available,LOTE GENERAL 001,
PF-000057,https://farecoh.org/t/f5e0eb51b11a55a21f9bbf374bb0f46a67d110dc18486678adeca09c7bfdb2be,available,LOTE GENERAL 001,
PF-000058,https://farecoh.org/t/b6979e4930e8fc376abab76d240219e0668d3714d888eaa89cb3d165c069dd59,available,LOTE GENERAL 001,
PF-000059,https://farecoh.org/t/891fbbe32007fd97c0c7cbf2a1f40150d1307b09bfcd7dc0b6a7cf3a4053da67,available,LOTE GENERAL 001,
PF-000060,https://farecoh.org/t/796c13ed68f7887140f1976c64b01056cb25aabb4631b1f7feba17064b0e1ff9,available,LOTE GENERAL 001,
PF-000061,https://farecoh.org/t/bb264b4387ffbc9830f210a44745c80bfa2987cbf8f347217ba1404d0dc1ba67,available,LOTE GENERAL 001,
PF-000062,https://farecoh.org/t/33f0be06599517bd731ab64590205555c4a58e2fc7ea20a69115aa5e550caed0,available,LOTE GENERAL 001,
PF-000063,https://farecoh.org/t/904429315e459d784e5c049720d8c4c3a464430f4b6519bf941f2da92977084c,available,LOTE GENERAL 001,
PF-000064,https://farecoh.org/t/b21fd2ea48136d22d8d1d7e49267af8c695adbd756a3c62d7bdffdf34f02839c,available,LOTE GENERAL 001,
PF-000065,https://farecoh.org/t/c3573630ed319408a6fdb1fb159f75360ea4211e6a86f1c123f69c02b719d3e5,available,LOTE GENERAL 001,
PF-000066,https://farecoh.org/t/742dc223b7079d2fab75bc2ed4fa6a6867ba618448017fc26b82581de86f3f80,available,LOTE GENERAL 001,
PF-000067,https://farecoh.org/t/4575b2e4eb90d03583a2a84933adfdcce571fe3c00cff58979c5b56ca2bcd6d6,available,LOTE GENERAL 001,
PF-000068,https://farecoh.org/t/590c1ce033e815cb4d1ddfce61555d49e7377787aa13cdc7ac21b841261736e6,available,LOTE GENERAL 001,
PF-000069,https://farecoh.org/t/d84b3d55b0fe5af4087e8c70aca203b0cab9702409c8fb823b511e58a8777e18,available,LOTE GENERAL 001,
PF-000070,https://farecoh.org/t/edc1f7549334f08f3f316535425dd493147c820b061438d1aa99326e12c7cf9b,available,LOTE GENERAL 001,
PF-000071,https://farecoh.org/t/a27156e999af50850ecfdf378647e284c5653f1eaf6fbfaf91b875b66911d26d,available,LOTE GENERAL 001,
PF-000072,https://farecoh.org/t/8e97357bf1971cf48546c4771a71e268efb76933ced4ef3d0647af244f9de257,available,LOTE GENERAL 001,
PF-000073,https://farecoh.org/t/8476e96ef7541aedcac543a9c4a41b3bad7d2867d592210b30ba896dff18725b,available,LOTE GENERAL 001,
PF-000074,https://farecoh.org/t/ed686dd8bb6e65afa8ceaf940be41a6b2c1d22dd3716175156ceb33d023d4434,available,LOTE GENERAL 001,
PF-000075,https://farecoh.org/t/f15725da13ea6eb98a358cc8ce608a285a4712ebf49f4448a9b0cb1d8c036ff5,available,LOTE GENERAL 001,
PF-000076,https://farecoh.org/t/b7f72fa98f3b65dea017e4f9e68fc531d07ac73839f2563cc30495f512d9439a,available,LOTE GENERAL 001,
PF-000077,https://farecoh.org/t/5c9955c2729004fc90545ac52af8b66330e22dd8521565fbf687577fddba624a,available,LOTE GENERAL 001,
PF-000078,https://farecoh.org/t/219d463bae6fdfc10cad3ea4ae3e30b01a46012f05011fa58e1653f3f67107e4,available,LOTE GENERAL 001,
PF-000079,https://farecoh.org/t/388f8a0179729c0e65647efb53fd588aa89b39820a10876d65526a48209392de,available,LOTE GENERAL 001,
PF-000080,https://farecoh.org/t/62364a47484a45210caab893ca0a64fbf30a23f88cc56947ba251138b56c4ba5,available,LOTE GENERAL 001,
PF-000081,https://farecoh.org/t/3903655bc8c72357b2fc27835589a97b4b7ee62af5a7f34e858f05c975929cc4,available,LOTE GENERAL 001,
PF-000082,https://farecoh.org/t/724ed5c11179a7b9219fba6bc7855677a958e65896c2f50c2107279a9676cdc5,available,LOTE GENERAL 001,
PF-000083,https://farecoh.org/t/4d2273b49b0e14bf7e6a31c8cc1d354bed894c9fcc44db61f74b587c15d48544,available,LOTE GENERAL 001,
PF-000084,https://farecoh.org/t/a2cf6791dc58b3f0326973aa8b46494ef873f1842d516efba6c83c1c6dcfb8a0,available,LOTE GENERAL 001,
PF-000085,https://farecoh.org/t/c7fc91a2a3600261a45b583b6817843702330dcfc553e5eb717db44366ccdb92,available,LOTE GENERAL 001,
PF-000086,https://farecoh.org/t/a330bc830201b1a3faee4d0c271c454a67691b87a7d82ca1e4fcffef0ce3557c,available,LOTE GENERAL 001,
PF-000087,https://farecoh.org/t/ea7b001dbb3ddefd0cbd7aa5e1942ac5d8ddaab7a9b31a4c4467821686d66be2,available,LOTE GENERAL 001,
PF-000088,https://farecoh.org/t/5cb8b55bcc5e790270848ced756f02fb3afb18692528e92a1573189703c23133,available,LOTE GENERAL 001,
PF-000089,https://farecoh.org/t/a760484d66f71d927b2085c04927922a5bd226dafdf6c46a0c33454cb689cf20,available,LOTE GENERAL 001,
PF-000090,https://farecoh.org/t/962646a642b5786aa9b131a973df27cde94c42ae579c87ea03398cc7a7ec8406,available,LOTE GENERAL 001,
PF-000091,https://farecoh.org/t/dca61e653574b16dc17196c1ee9650aa20e21ffdd1fd9930b14ffdd1c0e6b4b0,available,LOTE GENERAL 001,
PF-000092,https://farecoh.org/t/fa683797401d59d07af3d1b84adc746cecf6cedf241f5c9586ff68503c367793,available,LOTE GENERAL 001,
PF-000093,https://farecoh.org/t/e59b6062664931bffc7abeb6df9ab6b849dc228b3454ad04b2b831c495e668cd,available,LOTE GENERAL 001,
PF-000094,https://farecoh.org/t/34848be1bfffebb791ea6018862d0fce375071659e41e79b642a85d3708d4046,available,LOTE GENERAL 001,
PF-000095,https://farecoh.org/t/faf4ab251f9ecd6393794ab34708d982455e8fa4adfc459e6b6cdfb7bf5ce3dd,available,LOTE GENERAL 001,
PF-000096,https://farecoh.org/t/fb172f750ffca85ea68a50778c6f5e2308dd624d949572d3a2f3cf596e420099,available,LOTE GENERAL 001,
PF-000097,https://farecoh.org/t/4b168cdcb4b594e1c74ad6af23ac6d79e60545b8b85b497f6cf9b17481834bec,available,LOTE GENERAL 001,
PF-000098,https://farecoh.org/t/687a1984000b0bf6e0b7ceed0015ec7f876793b96d49fff52111e4cc68a0b37c,available,LOTE GENERAL 001,
PF-000099,https://farecoh.org/t/7691494d097750f7faaaa9a5585c1172c51dc51e6c530df0055765cee5d23624,available,LOTE GENERAL 001,
PF-000100,https://farecoh.org/t/07470ddbe069c1861cbf6cb211d29e01e808661c0369e2e0f2b9a15b443a468d,available,LOTE GENERAL 001,
PF-000101,https://farecoh.org/t/cb503e42857d554f3b048b72cbc486b3a7dcdbc1d9681054e7adf16fe268682e,available,LOTE GENERAL 001,
PF-000102,https://farecoh.org/t/5f75097fddafb01d5aa11ce00588f412e65334ef2a8704b233e388c899845b19,available,LOTE GENERAL 001,
PF-000103,https://farecoh.org/t/240f22e8f9fdf48bc69ed99209f2f1d479f98025e1f1dd32622a60a41f38c752,available,LOTE GENERAL 001,
PF-000104,https://farecoh.org/t/318c2d95646d9f35309c9f10e36ef4f6affacb7ffac4a52f1c910cfb00830b69,available,LOTE GENERAL 001,
PF-000105,https://farecoh.org/t/1d9a43abe9a2310baeeb4bdf0e913bc9470374386162bbde39afe543f7beb444,available,LOTE GENERAL 001,
PF-000106,https://farecoh.org/t/d6e1c7d932abc7aa266b8db7422566e526436c405037a09c0f4ad9052ee29062,available,LOTE GENERAL 001,
PF-000107,https://farecoh.org/t/2024490f6aecd2e02bd7986b9b04e2ee8b42c6fd7e711508c93b48c63268498a,available,LOTE GENERAL 001,
PF-000108,https://farecoh.org/t/afddfd4a1e29704cf5531f9727b86d263065642f60073d0c8c4cb9306baba941,available,LOTE GENERAL 001,
PF-000109,https://farecoh.org/t/c46da24dc70bd005fb291597d19d2a5a55c473153148e7c9bbf51f1255e12675,available,LOTE GENERAL 001,
PF-000110,https://farecoh.org/t/f3a22f116ec9b5f33e70f684b712ba7bb8653578b5924adcd74a4e3233a2d7ab,available,LOTE GENERAL 001,
PF-000111,https://farecoh.org/t/3493551e591e1439e429eb08fc0201affc92039f7ceaca846797fc49bc12caed,available,LOTE GENERAL 001,
PF-000112,https://farecoh.org/t/2710d61a60b1af7b608ccbf82b8a6dce6c92f9909acee00ff55330c37927c9cc,available,LOTE GENERAL 001,
PF-000113,https://farecoh.org/t/0561d3c9096ded5095390bf22a99ee7393b7fde78a17f6c29669f1b9d3126739,available,LOTE GENERAL 001,
PF-000114,https://farecoh.org/t/fd37252385f8f0d8c8ff17663ef25b392ade8faf9545f6172d8405a30c403cf8,available,LOTE GENERAL 001,
PF-000115,https://farecoh.org/t/cbfc38de486597eae6d872b1ee4ed7f7c71dfc695719466ea7721e25b2c9b0dd,available,LOTE GENERAL 001,
PF-000116,https://farecoh.org/t/6d7b9a4a4c8d12b1dcab9d4d060df876ced75b0a2174ef39826225d792f6985c,available,LOTE GENERAL 001,
PF-000117,https://farecoh.org/t/b69d01ed787765a4e0b472de56e36e9ae4688f32fad91ac8dccbbfc59dd50664,available,LOTE GENERAL 001,
PF-000118,https://farecoh.org/t/a5cc6975f8888cd294f458120f08eb72167954225cd00ec8c071ea3512118bd9,available,LOTE GENERAL 001,
PF-000119,https://farecoh.org/t/736e054a4c8785faf2f89061e70d0b7ebca4d8babf116d2c3714d17a5b770065,available,LOTE GENERAL 001,
PF-000120,https://farecoh.org/t/034e87949c70eb6fd08bf908b2642bf036b86658e99ba76050f8e0a307016469,available,LOTE GENERAL 001,
PF-000121,https://farecoh.org/t/7bc941dbf954cb4ddcb381cceb3aefe3e173e5133798a46458add99ee5ee65bd,available,LOTE GENERAL 001,
PF-000122,https://farecoh.org/t/f59b1d69cc43b55f27567ce139c153d1fc976ca3c22b079ab92f67f39d973ec6,available,LOTE GENERAL 001,
PF-000123,https://farecoh.org/t/ac4e03074fadfec1a4fe9ba3e8ef9623922331b058c1b7abe94e659df93fddae,available,LOTE GENERAL 001,
PF-000124,https://farecoh.org/t/1d3274a4f35cad87ac67b232170005bc6932447aaf888ebab6f81175b33f0277,available,LOTE GENERAL 001,
PF-000125,https://farecoh.org/t/a03aa1bd68e15b98cd11acdad79803ad2bbbaa224114bbd14923bcfd5d41926b,available,LOTE GENERAL 001,
PF-000126,https://farecoh.org/t/cdba6a6ee6ee6cad333424bd67aa65e3aa448202fbfee816fe98c0d81ef5d647,available,LOTE GENERAL 001,
PF-000127,https://farecoh.org/t/d6a076fca25564aedb5146e343166e22f52c16993ca93c450e835a230cc89299,available,LOTE GENERAL 001,
PF-000128,https://farecoh.org/t/1cf0f31c84eaedd3936287e720297ebb6099b59ff5bbe97e51a758830a72f691,available,LOTE GENERAL 001,
PF-000129,https://farecoh.org/t/2a77fd4ab10566f7efacbf43bec2b68be4316ba58be8e91bd526e3511711c235,available,LOTE GENERAL 001,
PF-000130,https://farecoh.org/t/27fef2ffe8c2ab95a2807370ef81103435e51f0b85219badbffe25cc4c3b4a6a,available,LOTE GENERAL 001,
PF-000131,https://farecoh.org/t/54f57af3894c04e57e211dfe8d031cc78091b7ea51ad4fa8c057c0b67a9f2f27,available,LOTE GENERAL 001,
PF-000132,https://farecoh.org/t/653384e16a30d1ada0b4c9ec89e93aa4639ed914bbf8bbcf32e66fe266152a8b,available,LOTE GENERAL 001,
PF-000133,https://farecoh.org/t/372d388b973281121c6196a57eaaf863fc76dfa34630f522bc2c5ad6eed15581,available,LOTE GENERAL 001,
PF-000134,https://farecoh.org/t/0872ff96b713e7b47dc929756482577aace8b6f00b6f9797536c710726ce0f03,available,LOTE GENERAL 001,
PF-000135,https://farecoh.org/t/372c78ba5db2b7df0b3118a471892c980403acbbad75af86b82a24641744889b,available,LOTE GENERAL 001,
PF-000136,https://farecoh.org/t/b435a1472ec99749c6c6663bf2ec675161097ae31af6f58c25a447bff34ca7ea,available,LOTE GENERAL 001,
PF-000137,https://farecoh.org/t/f4d716ee1d8fb424eb47d2acb91022ce9b7c5de954543d1ae3f6d36e8943e4a1,available,LOTE GENERAL 001,
PF-000138,https://farecoh.org/t/42073d1a5c21fd17aded9344e6269f9300ea38369a47410f0e7002e1755e7d29,available,LOTE GENERAL 001,
PF-000139,https://farecoh.org/t/a7f7fb61007cb3fa6b7b0e99deacff5e1ab081a24fbf0b62595e403b41ec9dfc,available,LOTE GENERAL 001,
PF-000140,https://farecoh.org/t/663a28692952e1469ee474145f3375671231a715044885b22d396eacc9e3bd00,available,LOTE GENERAL 001,
PF-000141,https://farecoh.org/t/4152464c5bdca6ff0d395233890a1be604a6ae0314a2a03df6792fcf3c29a9ff,available,LOTE GENERAL 001,
PF-000142,https://farecoh.org/t/0b052e1fc016b3205a7f207da038aa6616befe9e44fab8fbb96fed2c31970d17,available,LOTE GENERAL 001,
PF-000143,https://farecoh.org/t/47ec8b270f0308ec52d7b630dc0976a9630ab5304fa241af75c5fe639fd6d158,available,LOTE GENERAL 001,
PF-000144,https://farecoh.org/t/f7da650fd379b0590711b2efa27fe8ee45bdb59806d228a5583ee2d37c1dde49,available,LOTE GENERAL 001,
PF-000145,https://farecoh.org/t/0cecbcd1c879aea28a14dd2c43db37f7eba6a630b9cf379043da09657f898456,available,LOTE GENERAL 001,
PF-000146,https://farecoh.org/t/2d58ec7acfc727718df1bb09e730d8cdc89c80f64bbf50d9d268281ba56356ce,available,LOTE GENERAL 001,
PF-000147,https://farecoh.org/t/92751e10aead213cf8cae1c7eb0b9a2042358884ebca7e4854f7301e0813b81d,available,LOTE GENERAL 001,
PF-000148,https://farecoh.org/t/dc6a2c6762b85b520688af7fe6efaf4be095f3f57595bd4901631f74a18ee055,available,LOTE GENERAL 001,
PF-000149,https://farecoh.org/t/89c7cd507e67b2056fe3e2bc3a5f47bf5b418658052e2545f1f81d39d207c7a9,available,LOTE GENERAL 001,
PF-000150,https://farecoh.org/t/3e1544c93bc068cf8df1c6a0db23b3cfa196ae41edbc8c5ef973cd3936fa58b7,available,LOTE GENERAL 001,
PF-000151,https://farecoh.org/t/8fcb459d34c5f2adb8451981776cfd67348cd7229ffb4c4355207c1226cd2e6e,available,LOTE GENERAL 001,
PF-000152,https://farecoh.org/t/8c8279903399755582d2a6febfc6d5ef7559ad12eefaf596df7e0679e98e3ccf,available,LOTE GENERAL 001,
PF-000153,https://farecoh.org/t/aac53b48494ad968ff4eb03d0e2b69ae44ecf86da10a86a3e8e2d757cf17d8db,available,LOTE GENERAL 001,
PF-000154,https://farecoh.org/t/9e66045af639b633a5747cbafbe2814f373383173178edee1e667274abd0c2e4,available,LOTE GENERAL 001,
PF-000155,https://farecoh.org/t/0bb92a34c4d62207a837d1f6e4616271eed40ffa8ac5c30f7c1d6078cd0b5626,available,LOTE GENERAL 001,
PF-000156,https://farecoh.org/t/1277778c1eb1b3a4f8e8dd6faaa3e9b6a22a749672b319d29a14a5d0fcf760d9,available,LOTE GENERAL 001,
PF-000157,https://farecoh.org/t/cc3faf85f5b449a262e047d1d7767b866ba221b370ca61d39b1da9007919d728,available,LOTE GENERAL 001,
PF-000158,https://farecoh.org/t/5651deaa44a22b420a06167fe688a6750db261fd64583018e60d125dc0d76b9d,available,LOTE GENERAL 001,
PF-000159,https://farecoh.org/t/67462a85798fee6037d8327c52ead866228a0e861deed7401f603c9180261a35,available,LOTE GENERAL 001,
PF-000160,https://farecoh.org/t/a83010803aebc7309a37d520f858cac7f9d50064cdeff454e6d0702278aca8a0,available,LOTE GENERAL 001,
PF-000161,https://farecoh.org/t/be9807d1004e84e3954418cfe3dbb1e586a50f8b03be1acfb7735d70eaa32a21,available,LOTE GENERAL 001,
PF-000162,https://farecoh.org/t/70d4936857fa8a8b7368155e36c54917f5d670fdb81774ebab2debc4775250da,available,LOTE GENERAL 001,
PF-000163,https://farecoh.org/t/8e738de6007a391e7e96c7aa288c2dd8d1ddd2631c68ebd8a66d6023149a1075,available,LOTE GENERAL 001,
PF-000164,https://farecoh.org/t/3eeed9cb25b33e0b414b49251e47abaaf146ce525bcf34787bc3a760d8d50ea6,available,LOTE GENERAL 001,
PF-000165,https://farecoh.org/t/800dd76989ddadb2d23e5a58f6656844ff2dae4ebdcf6b5b107eec47f348b819,available,LOTE GENERAL 001,
PF-000166,https://farecoh.org/t/cc3773e2f04c3826d7161859caa09ebc617a2d81b1c82e46d67330f21c725efe,available,LOTE GENERAL 001,
PF-000167,https://farecoh.org/t/301fda915e8ee9b9fb99236dee8ed414db7ec5c34efe5ba9af76d9991f4ed336,available,LOTE GENERAL 001,
PF-000168,https://farecoh.org/t/44713b210265b3ffd0c12712dd16bca9d19a4afecc1001e3ec0b51c5b328020d,available,LOTE GENERAL 001,
PF-000169,https://farecoh.org/t/6b7e7779eb6e6553d0bd362a15b12de61412c343b0aa026d25ddefa5993797de,available,LOTE GENERAL 001,
PF-000170,https://farecoh.org/t/f3c8bf3d319809ae002509f75e328641432214f543a26d9771d8c91667adc44b,available,LOTE GENERAL 001,
PF-000171,https://farecoh.org/t/655cef49c659c095ba8836065beb206a0de8b0cd775bd9a1463d275bc92d5512,available,LOTE GENERAL 001,
PF-000172,https://farecoh.org/t/dba4009b0044f1f50c7673b22eba25b7dd39dba8d5e3e66d67715b9832f43f29,available,LOTE GENERAL 001,
PF-000173,https://farecoh.org/t/289d92ba0a9bcb2f4402e10969019e8316cde01ef5c9612a59a409e88af1fd13,available,LOTE GENERAL 001,
PF-000174,https://farecoh.org/t/fde8779ce8cb9839965ff547297e0f323e3584188e0ebc97af2591f5666641a7,available,LOTE GENERAL 001,
PF-000175,https://farecoh.org/t/3ae7a590991a902efb2817aa9f9add688cd93b96b0da03ac7afb9b052aee2856,available,LOTE GENERAL 001,
PF-000176,https://farecoh.org/t/6846a93d0232ec995df99889dd028d6ab89178d33edbe206282165df837d85c2,available,LOTE GENERAL 001,
PF-000177,https://farecoh.org/t/1cbdb3951d681d4cacbd7abb779df3e7146707c5c077884f6e9413b94a006b64,available,LOTE GENERAL 001,
PF-000178,https://farecoh.org/t/6450fd6066e8d74702c284a1d8cae06216611d1aabac777b8e120f212e4be5d6,available,LOTE GENERAL 001,
PF-000179,https://farecoh.org/t/29b8bd12ef2f64d47f597d92e78578b74442087376ae080486c8147adafa3834,available,LOTE GENERAL 001,
PF-000180,https://farecoh.org/t/29e4ca6fc7fff809edd5b01ec1ee914612a4c1689e53c848b8ae3ae595f63f49,available,LOTE GENERAL 001,
PF-000181,https://farecoh.org/t/8643d0ba547fb97b944c5d45b6b7fb7a95da302fc59301003703b506b01d765b,available,LOTE GENERAL 001,
PF-000182,https://farecoh.org/t/22e065be604bb69354d4b707f21c079fe4d9fbbe15036ef7ed08041d22e9b5b7,available,LOTE GENERAL 001,
PF-000183,https://farecoh.org/t/0ab8c8ea0c5a48a272d308a699c1a01dbbce3988253e841e0265b7565753f8d8,available,LOTE GENERAL 001,
PF-000184,https://farecoh.org/t/d16ef68d427fb515b9567b7a7d3c165d74289468f500a600075e07640a6f101b,available,LOTE GENERAL 001,
PF-000185,https://farecoh.org/t/254f3a76eaffa4deb74573dcce878449e6fa126ed6a54a013d82d5f0c7123e4f,available,LOTE GENERAL 001,
PF-000186,https://farecoh.org/t/10a709ed4fb76029891129e9121849d92df87d92dcc12ff8d8f4a5e0bf5821a6,available,LOTE GENERAL 001,
PF-000187,https://farecoh.org/t/1d768d8dc39938278c9bee2dd36fe8339690fefe2b34e012335a3a4f1521cc6b,available,LOTE GENERAL 001,
PF-000188,https://farecoh.org/t/499aee753a933558699b2be7b52e9ab2f9890de60f3377bf567dfb65b85509f6,available,LOTE GENERAL 001,
PF-000189,https://farecoh.org/t/e9578535e84df35039a986ef02b3355d59cc595e511fc248476652e601febcb7,available,LOTE GENERAL 001,
PF-000190,https://farecoh.org/t/1237e26f90b4e5b7da1dbf760434b75cc90ad1aa94b6ea8dbb04f1d828ee395e,available,LOTE GENERAL 001,
PF-000191,https://farecoh.org/t/47529654c50ca445b8c64443d5632c9d1ca0fafbd4c895caacb22e31583f1fed,available,LOTE GENERAL 001,
PF-000192,https://farecoh.org/t/7f90ff5570fe3a1e9a1b911796d1bed0969f3b69100676f21f77d1367d9ec0f1,available,LOTE GENERAL 001,
PF-000193,https://farecoh.org/t/dc4893461886b7500461e77f338575ec9940dc251c8565741db906cb7b2c7982,available,LOTE GENERAL 001,
PF-000194,https://farecoh.org/t/9e38682125ba30daff9b36ceb1026f43b7124292f0220f7cb1a391de0155a6ac,available,LOTE GENERAL 001,
PF-000195,https://farecoh.org/t/e237f76a89473f0dce6fd4f6bfa41c762eb055e1a39af49bbd60dca58d13f86d,available,LOTE GENERAL 001,
PF-000196,https://farecoh.org/t/eb1126bd44ae00fcd3ebdfe40b979e0d85154b84196691fc6008e5c8fcd8e750,available,LOTE GENERAL 001,
PF-000197,https://farecoh.org/t/cd9d4a4440283b65182a7aad373d37c91de318d898754f62d3c5caa984239111,available,LOTE GENERAL 001,
PF-000198,https://farecoh.org/t/261603d48dc0008a6cab92ef373a18cd68c880e23a7b6f1dce6e43578a18d1ef,available,LOTE GENERAL 001,
PF-000199,https://farecoh.org/t/bb3c3cfc7828ef1f634d063ab1fe0907eaea5f230264cec2b7a3d1e49e0b5d08,available,LOTE GENERAL 001,
PF-000200,https://farecoh.org/t/c55be689eac4a942eb96ba7f6ba66104309f7b44e6bd3577436b06f163fbaf95,available,LOTE GENERAL 001,
PF-000201,https://farecoh.org/t/4a83a839a899e51c90cb435fdc90c837a0e0661e6750d96c9014f9e5c5378afb,available,LOTE GENERAL 001,
PF-000202,https://farecoh.org/t/1bdc16435e9f1f16a952eecd9938ce38b328cfc343cfcca049c390d2b7b90f67,available,LOTE GENERAL 001,
PF-000203,https://farecoh.org/t/5ba25dd0c3368c2b153e09a563d949eeb8c94a7aadb0143718e47f11cb1cc689,available,LOTE GENERAL 001,
PF-000204,https://farecoh.org/t/baf8702e22492c15426d9056ba925e1ff8bc6eb86bde30d149726d2d14dac470,available,LOTE GENERAL 001,
PF-000205,https://farecoh.org/t/ddd48ad3355f92315d180d8349432dd282a9e1f489ece9ed44ff61b721c0b73a,available,LOTE GENERAL 001,
PF-000206,https://farecoh.org/t/70a9d91821129da61cae2bf163c5e35714ccd15d2bdd1835761ec059ff4c0a2b,available,LOTE GENERAL 001,
PF-000207,https://farecoh.org/t/389a7b782029536dd0d734787e7bb6df1fb48ce0e94cfdf09f84c0be5e40a549,available,LOTE GENERAL 001,
PF-000208,https://farecoh.org/t/102b95d1d65784959b424d52214a6c1f2b9259eb5f978771dad346193458c3cd,available,LOTE GENERAL 001,
PF-000209,https://farecoh.org/t/929ee0c434b88cc15df8ff707a950017ca469a3d9c6d17500da705ec6c94a0ef,available,LOTE GENERAL 001,
PF-000210,https://farecoh.org/t/1f7b5cc4e34f74a97f10eec5c4eb2760e1a9982e7e86f5ce777fc3ec7139184f,available,LOTE GENERAL 001,
PF-000211,https://farecoh.org/t/d64188530b8edae26c6c788ce885a8e951525b36333c8fd05d40892171fdc5a0,available,LOTE GENERAL 001,
PF-000212,https://farecoh.org/t/0f586d9f129af982a3f01cd9a71bb7d6a11524f250893c4606f7cba4fc6dccde,available,LOTE GENERAL 001,
PF-000213,https://farecoh.org/t/6f5f7bfbd896dcd594df34240e79e03333afb55233cb54d3d8e1bc934748f04b,available,LOTE GENERAL 001,
PF-000214,https://farecoh.org/t/d6fe8cf9cd49b5b59a0d98f951a61e1a99d858aeec833af3c24d50c51f117da0,available,LOTE GENERAL 001,
PF-000215,https://farecoh.org/t/c15901df8a1d9970befb1b54ff4ba928bcf53009cecc86a0172ba722e000e3fd,available,LOTE GENERAL 001,
PF-000216,https://farecoh.org/t/5f6d19e84b4a23505a4a2f5d919861fceafdebcf64f595f99706c07a5b64e42c,available,LOTE GENERAL 001,
PF-000217,https://farecoh.org/t/1da92572cf6ac67b2fd84a8bfcc937e5b2635724e110bfd635bfc506eb77df9e,available,LOTE GENERAL 001,
PF-000218,https://farecoh.org/t/dae7aa7a0834419896a93509381fa36cdba003867432e729c2dfdbeb0e32a712,available,LOTE GENERAL 001,
PF-000219,https://farecoh.org/t/461aa690e3721934df4a98b03af41649ff8b74d3bbc888335c548b353e048d1a,available,LOTE GENERAL 001,
PF-000220,https://farecoh.org/t/99c1e46c5ca411c676df17c269f2fad3ba950b796041beeadf08d8740543f4ca,available,LOTE GENERAL 001,
PF-000221,https://farecoh.org/t/3853450227c74e7185250c0bc166fe7947b37b9fd58cb65736b8a5dec3d8f0fe,available,LOTE GENERAL 001,
PF-000222,https://farecoh.org/t/e532b7bc83bcde49e0d3f61501b6b4430ea50b9f948216c66bae1493dd9ac215,available,LOTE GENERAL 001,
PF-000223,https://farecoh.org/t/1c9cfa2b34147a5b35ba014545e27be685efd9dadcbd236583604f19366fc12a,available,LOTE GENERAL 001,
PF-000224,https://farecoh.org/t/775f9e3a13c5082eab66c063b2b43346445c4d97daa7db699d25e2095cb775b0,available,LOTE GENERAL 001,
PF-000225,https://farecoh.org/t/daf4b09fe4fb9064990500fba120143aa03ada60eb8d65e2658ce383f11f7ace,available,LOTE GENERAL 001,
PF-000226,https://farecoh.org/t/d57102fe0bfaa8eccb5054a2b7838453300a3b6a4f3ce655da0cfce4c60b7d03,available,LOTE GENERAL 001,
PF-000227,https://farecoh.org/t/a447366eb212c6d9aa698c393bca2400d7d3917709d18ba3a53a0ce8e82b9e1c,available,LOTE GENERAL 001,
PF-000228,https://farecoh.org/t/a505441b4a91b2210870d2ee35d6c36512d8e581a671f13ab1e0b07e2688cf1a,available,LOTE GENERAL 001,
PF-000229,https://farecoh.org/t/9f5cac764bbfef8b48309a173e9bdcad1f990b1289f236281064d8d1422bd7e5,available,LOTE GENERAL 001,
PF-000230,https://farecoh.org/t/fb79c85ade43070f62b8dcd0b70279b01c0d746b4002fdf28a6d31e4b187846b,available,LOTE GENERAL 001,
PF-000231,https://farecoh.org/t/e2f0b6ff4c13dad4281bc4acba2e55e16e374d7ca9de70c504d35e5c9de518a5,available,LOTE GENERAL 001,
PF-000232,https://farecoh.org/t/e39f6eb813fcd58b77fc418665b90c03cbccab45bb56859e28150524a3098a52,available,LOTE GENERAL 001,
PF-000233,https://farecoh.org/t/e2736fdb630d825453af12950f209f4f5fa8c0ce625c77f375103bb5af7409c8,available,LOTE GENERAL 001,
PF-000234,https://farecoh.org/t/0969ca802511c64ddb30380c97483871c3359b72931f026998cddc72965d40c8,available,LOTE GENERAL 001,
PF-000235,https://farecoh.org/t/5d0d236e6604205ebfca06a5998e4e2c486a94d5afffbe4a486b4e865b561838,available,LOTE GENERAL 001,
PF-000236,https://farecoh.org/t/57067b3b77ed255bc69d1bbcfa8368d25c210e52e36be6e95774bc1cb946f9d5,available,LOTE GENERAL 001,
PF-000237,https://farecoh.org/t/110494d9491092126de8e225a315dbffc13383198a2029e9738e41a6593d1caf,available,LOTE GENERAL 001,
PF-000238,https://farecoh.org/t/c0dbd8623011bcfa82524b1189b4d8c14accf682e41ea44dbf3cc3301387c9b7,available,LOTE GENERAL 001,
PF-000239,https://farecoh.org/t/0677d4700fa8833657e6e9b72c74c72846f6bdd0b0b752419c1ee76cba55dba8,available,LOTE GENERAL 001,
PF-000240,https://farecoh.org/t/06d2ca6397e23e85f9dd653787a0586dd0fee6a01ecab53f3a108f5853081f05,available,LOTE GENERAL 001,
PF-000241,https://farecoh.org/t/e20a1ee7b2d4143a52515c77b3a233e0d855a54a5337e242ad4b965dcf50e94a,available,LOTE GENERAL 001,
PF-000242,https://farecoh.org/t/92e60032cb2b6f5dc41435f3efb4491e05ded9d21961184f95895bb96fe45cec,available,LOTE GENERAL 001,
PF-000243,https://farecoh.org/t/a685f64e73fdac23e5a000aa3a3db684786dad6a112d8094c5bf6785de5c19af,available,LOTE GENERAL 001,
PF-000244,https://farecoh.org/t/040b792abb882ccd60c6b8b55bca6cd45ef2c93f93adf52abec8b33dc085f43d,available,LOTE GENERAL 001,
PF-000245,https://farecoh.org/t/f8cc382034f98d3b6321d6fb0b9c61be3ac66049d9a862ba87695f6157e8bb65,available,LOTE GENERAL 001,
PF-000246,https://farecoh.org/t/5a76e499312ec6602c840d91fe5fba3181e240cbac53f84b967624175ac2e488,available,LOTE GENERAL 001,
PF-000247,https://farecoh.org/t/6818d1ccc7ca35784cec47d0937301e0c4021dad8453166ad79835349bd848f6,available,LOTE GENERAL 001,
PF-000248,https://farecoh.org/t/5bc0fcd012e88e3da41d303b3f68b55ff3a52bf3fcf7d2a15bb603b20305bd80,available,LOTE GENERAL 001,
PF-000249,https://farecoh.org/t/d36e71331039831931ee3df20cd3bc9611bab94ab585b9b5bb5888ea6fbbb7e3,available,LOTE GENERAL 001,
PF-000250,https://farecoh.org/t/1bf3728b472fc93c903d294e8a27859245ff61a0209524b98ed1917b17489e77,available,LOTE GENERAL 001,
PF-000251,https://farecoh.org/t/73efcfea9d682171a49faaaa39b7fe61f685bd12ea068353fd78d80b39984434,available,LOTE GENERAL 001,
PF-000252,https://farecoh.org/t/6fc8077a0ec5bca49e106363c0099c9356a86f1110700cd8392ab47d5a5c6b17,available,LOTE GENERAL 001,
PF-000253,https://farecoh.org/t/d8165e76e305ab3319614037289f67ac6213c9decad3e15333a2aea90466e145,available,LOTE GENERAL 001,
PF-000254,https://farecoh.org/t/dd500270a272b4a207730b6b97d11b2215fdc358b64654907fd5f3ed8ef1d577,available,LOTE GENERAL 001,
PF-000255,https://farecoh.org/t/4f7d2d313185e29b24d6d5f11beb2256684607551457f06caff960eb2fe3dab8,available,LOTE GENERAL 001,
PF-000256,https://farecoh.org/t/c87412bf373df10f91478e3c9bcde78131365b68f2937d9d2a6dbee35639f2c0,available,LOTE GENERAL 001,
PF-000257,https://farecoh.org/t/5fa072220d21ff325f61e0871f17c38d155a349777e438366556619e38ff5548,available,LOTE GENERAL 001,
PF-000258,https://farecoh.org/t/5f0005b1a39564a515329ffa2b3d1076ee38739805f589c0ccaf7263a0af0d90,available,LOTE GENERAL 001,
PF-000259,https://farecoh.org/t/3774beb54fa12e4d7dd83f179a16b0676fa50a1448bf48db24b9909bb9309c12,available,LOTE GENERAL 001,
PF-000260,https://farecoh.org/t/7e110460a4c6fbff24e668e6e41dfc372cdef372179879abffc66c7088b0d8f7,available,LOTE GENERAL 001,
PF-000261,https://farecoh.org/t/a40630484efda3ddc041751621b7183494bb1c5af7f8025e96910897aaf28fa3,available,LOTE GENERAL 001,
PF-000262,https://farecoh.org/t/cd27c9b8a3d18d69ad7afbcb5ab7f39e357424139813908444bf379b1654509e,available,LOTE GENERAL 001,
PF-000263,https://farecoh.org/t/cbf452ac37c8397a292f1e70c1e19ffa42ab16c7c320dc5618224dbf9a8095de,available,LOTE GENERAL 001,
PF-000264,https://farecoh.org/t/ff0471ee9adfeea48a8a3672722347364d2a64085daf4e795bf0032d4a6ed55a,available,LOTE GENERAL 001,
PF-000265,https://farecoh.org/t/58ed33dee78c11ee16395f58ba88cb279e892ccff3a9373d0ff3de0d66bd89c4,available,LOTE GENERAL 001,
PF-000266,https://farecoh.org/t/a533538379af32808b9dfa7ad018959951b6349bbf02d3bdef33396a1f51e7b3,available,LOTE GENERAL 001,
PF-000267,https://farecoh.org/t/8f74c038636b80d9c585247a56cf1782e9c321db2a9dca5495c621914e118694,available,LOTE GENERAL 001,
PF-000268,https://farecoh.org/t/9cf99d6a9a9e92d025cfa0bfa7d078daf6b0712b2467c9cfb2f1b231ace65049,available,LOTE GENERAL 001,
PF-000269,https://farecoh.org/t/7ab5c7125e1afad1991c076ca658df6b5d00e79b0b9dcf46d2721055b93e413d,available,LOTE GENERAL 001,
PF-000270,https://farecoh.org/t/7c2a9a15859e10ae10aa0b484df97339bfe2f77acf1e88fc840f668d7c42a6bf,available,LOTE GENERAL 001,
PF-000271,https://farecoh.org/t/af275ce5c93890f64b23e1b52077e90d10f31a53c2d4b166dec5d01a89713b5e,available,LOTE GENERAL 001,
PF-000272,https://farecoh.org/t/6652245a2a76907bd2d148ee16a8a8c2afc495829f8e18701b6047ead3ae44ae,available,LOTE GENERAL 001,
PF-000273,https://farecoh.org/t/86a1694e0d6bf638ec06027bc05d345733970349adf03c7471076aeff3e0e8b2,available,LOTE GENERAL 001,
PF-000274,https://farecoh.org/t/1246b5ee64b36b073a8aba0bdd273bfeea5d08373845714e661b0d9c49c683dd,available,LOTE GENERAL 001,
PF-000275,https://farecoh.org/t/f741520de2506c9c1c9536eddee95cd855eef3f8940090d95d1b860c9ec2c43c,available,LOTE GENERAL 001,
PF-000276,https://farecoh.org/t/2a7acb1c8bdfcc28737a54ca3778b26e948dbaad982c7c6fffdb3cdd5f984191,available,LOTE GENERAL 001,
PF-000277,https://farecoh.org/t/221fd65ec73c535465ae2555782e72af301c8695b8eb57005f9c68724b9d02bb,available,LOTE GENERAL 001,
PF-000278,https://farecoh.org/t/cf590a52230211c19e8b4e2c81c4479071ead129a4b9b2986075815722c9981a,available,LOTE GENERAL 001,
PF-000279,https://farecoh.org/t/892e8c7e2e666b4ebd84e55414d437e527570f113f2c06e88ef6cb8bc797951a,available,LOTE GENERAL 001,
PF-000280,https://farecoh.org/t/2ee7b6ed5342d4c449fdf1002d936e0a51c43f37069ec56c9e2ccc229d815c28,available,LOTE GENERAL 001,
PF-000281,https://farecoh.org/t/f5e2e1269d96f64b38f09f1a1c24ff9a219074a0af6fc8199b97c01b4027a366,available,LOTE GENERAL 001,
PF-000282,https://farecoh.org/t/f2814f48572a11c104973113ff8beb1ff912031d363ddc56bd66c1831aab2e53,available,LOTE GENERAL 001,
PF-000283,https://farecoh.org/t/2c8bd38b8ec74ca0c5f26fda26b91b5714cec24173dd9978a5438e6b34f83fe1,available,LOTE GENERAL 001,
PF-000284,https://farecoh.org/t/087d21ca0e84209c5fe184cd4ba0730a5ba9e9bb2acac4ae724b1a08fbff2d03,available,LOTE GENERAL 001,
PF-000285,https://farecoh.org/t/5fc25f9500edcd36b2b3931acf4e292f3066b6b6031b8f66887cb76c7c4b2e4a,available,LOTE GENERAL 001,
PF-000286,https://farecoh.org/t/c3f4f44034ba0b09ad2e84b0c5c6b34bac9e1002661abd053f2deaa9c7a74300,available,LOTE GENERAL 001,
PF-000287,https://farecoh.org/t/bfdc83d323170438ecc30a5ebb25684053f9e312283742af461a50ecda479f81,available,LOTE GENERAL 001,
PF-000288,https://farecoh.org/t/dc07629610ab445fcf0c018bce5c010885e8e44a0a40bbedac6fb541918e5c88,available,LOTE GENERAL 001,
PF-000289,https://farecoh.org/t/57da6c851024670e2e36827c28361e8daa5b746553d8242db6a87d383e553732,available,LOTE GENERAL 001,
PF-000290,https://farecoh.org/t/20c6237daa4e394094af78f6f977f17ef3347aafd0f6fba5577f33b2d734aed8,available,LOTE GENERAL 001,
PF-000291,https://farecoh.org/t/f45eb20ba54c844382d10ebf542ed959ff796de3bd652f0047ce76d3d207928e,available,LOTE GENERAL 001,
PF-000292,https://farecoh.org/t/01925afe40e57c6f7a7e55bc9a3ae68df684943871f1192b52b25d62ed4e4802,available,LOTE GENERAL 001,
PF-000293,https://farecoh.org/t/4f7135694f75b94ed15b793ebc3521209b4128848e84e2b98961940fbbdfc088,available,LOTE GENERAL 001,
PF-000294,https://farecoh.org/t/ddb34cc87cc71de9a44fb9c0a7c60520eef77d75a5606dc58ba19377cf68cbae,available,LOTE GENERAL 001,
PF-000295,https://farecoh.org/t/5f758071b284e272a24e391e2a607487f7d2533be87004c08d005ec60572ce5d,available,LOTE GENERAL 001,
PF-000296,https://farecoh.org/t/b2a4b23f90b30c85036e56f3efbaa97cc046412fca7e50ffd2e2dc00b2a3af8b,available,LOTE GENERAL 001,
PF-000297,https://farecoh.org/t/78740aa97942d564a4b5f88f6ee11f863813c41e3e95578c1332b3a3a8b860aa,available,LOTE GENERAL 001,
PF-000298,https://farecoh.org/t/770dac4a1386f7b9e47ce581e962492d8d5fb74d0fe4e3fa42c0386ba88d4266,available,LOTE GENERAL 001,
PF-000299,https://farecoh.org/t/8e1fe2807926f5f3aa1eecaa754f5a7add01ae802f301e3ec6ef4abfc3d9b03f,available,LOTE GENERAL 001,
PF-000300,https://farecoh.org/t/5c6f7cca136a727d189270722d4e7cbd421720c31210afe28f1a79f547dac3d7,available,LOTE GENERAL 001,
PF-000301,https://farecoh.org/t/5ec52d26a81d0f1af9fef40cf1db499b7d7d2952b99fa67ef4b60089cafe9844,available,LOTE GENERAL 001,
PF-000302,https://farecoh.org/t/06c4a4da6c6455e02e5d01287bca104fdbe5df9665dcd87342c87644367a8e49,available,LOTE GENERAL 001,
PF-000303,https://farecoh.org/t/4e2586261c430c5361cf9befff3eb2d3fba87ce9e703f8002659b8d90c70fd7c,available,LOTE GENERAL 001,
PF-000304,https://farecoh.org/t/70f7fe43cf0662d7bb7d2fa8a1552e4f2ebab138dac0e5dcfe3745904f063066,available,LOTE GENERAL 001,
PF-000305,https://farecoh.org/t/0a6bc52af8332b8dc87ad86201389899e973ac7570769e04e8aacbd09fb097fa,available,LOTE GENERAL 001,
PF-000306,https://farecoh.org/t/f61057ce92bff313fa05df5653a2127a9e510c5b6661820383e22dc2586473c8,available,LOTE GENERAL 001,
PF-000307,https://farecoh.org/t/2608f51448a1d1a8bc26bfa0808da2366e78c86b7664bc9cf120252b4302d9cd,available,LOTE GENERAL 001,
PF-000308,https://farecoh.org/t/04f556d184457b9f7c97cb1d2992ae6ff4ef85b17b1c7711cbfbc119d9b9780f,available,LOTE GENERAL 001,
PF-000309,https://farecoh.org/t/a145f6cd2b32150538f8ef5da0325bb92b59d2a5f09076fff09baa3fcf4c0e3f,available,LOTE GENERAL 001,
PF-000310,https://farecoh.org/t/1c27713eef38ef19f99f1f751a868bd458179fea16247109a2e0fe9ec0a115d4,available,LOTE GENERAL 001,
PF-000311,https://farecoh.org/t/9e2fb19e5e5f397cf05e1cabf8f2faa7702c50743dacfde28b3d85bcf5ddb9c0,available,LOTE GENERAL 001,
PF-000312,https://farecoh.org/t/3d72597f1ca79d3d7e0d34c64de5b726be68a7d5ba036e7181a10831ee2aa894,available,LOTE GENERAL 001,
PF-000313,https://farecoh.org/t/5e608b3aaadd117e6cb41e0c368eefb5fc3552feafc9434464a2fbc8d77daa7d,available,LOTE GENERAL 001,
PF-000314,https://farecoh.org/t/da74bde95e86bfa6725ca52258ef9f810b7c646b83202cb898e0f76ca3b57dd7,available,LOTE GENERAL 001,
PF-000315,https://farecoh.org/t/afeab9b4a4e77f6b4b4e29ed680e7d7b059f6c4a90e9ba143337ab8ff1fee472,available,LOTE GENERAL 001,
PF-000316,https://farecoh.org/t/8eac585219c37c233e1b7c4bf275f24e2e89e0a86e52e0a5637dc378e1dc0b5a,available,LOTE GENERAL 001,
PF-000317,https://farecoh.org/t/6c4769fa9c137051d92728ce5606f1da42d20be737086c419ec6e72abe0e3a26,available,LOTE GENERAL 001,
PF-000318,https://farecoh.org/t/89289636c4b06215a90089e2b36385ebee8f7cee14910916611eb13ccc188318,available,LOTE GENERAL 001,
PF-000319,https://farecoh.org/t/c8177a2b21430b26b9021ac98e29582a2c0db1b7e62532fc95437f347a8f4f81,available,LOTE GENERAL 001,
PF-000320,https://farecoh.org/t/cfb4b42acb7d54d6813c58103cfb427afa45dc12acebe34415e1da8cf7314806,available,LOTE GENERAL 001,
PF-000321,https://farecoh.org/t/e87ac07b212f52864fb1dd3f15567a710c365e0f6a945c2e2d6e5e56bf391cf0,available,LOTE GENERAL 001,
PF-000322,https://farecoh.org/t/70d7f59d4ae08ef974ac4700986f12a1720831d6980c9851a6db4f7cfed4c07a,available,LOTE GENERAL 001,
PF-000323,https://farecoh.org/t/6e243ed1a3a7a8f77cf7d7d5d2086c9ebbfcfc286e3fca5903cee4a08d76d7c2,available,LOTE GENERAL 001,
PF-000324,https://farecoh.org/t/81b296d194fd1dde0449af9f1d573e0c2a541b65fa91ba6a2fd88337eb7bfdd4,available,LOTE GENERAL 001,
PF-000325,https://farecoh.org/t/0917f3e3b23d4b7449b9b798bd56c0d69eb94bf39151d8d62998ce8f5f6c3435,available,LOTE GENERAL 001,
PF-000326,https://farecoh.org/t/a7b1584c19ed99ba4e5bd05216392eb929da24fd5dde54393b270a6f32f0ce8d,available,LOTE GENERAL 001,
PF-000327,https://farecoh.org/t/8f4d28d0f06f72323faaa80e8ab10ba918dca756b39a60a2269534433b7ab0a6,available,LOTE GENERAL 001,
PF-000328,https://farecoh.org/t/9ddb611fea4fa8dd5ce6acbdbba92cf6b4d7ce23788c9df33c70bc5952799ce0,available,LOTE GENERAL 001,
PF-000329,https://farecoh.org/t/d24fa494dab1eaa8c7977239479d4b210ef765a3c4592f680ab4bb36ebe98d4e,available,LOTE GENERAL 001,
PF-000330,https://farecoh.org/t/d5ba743bd238bcc7e0c17bea73f929df0ce721b8f85779b2fb650141fd67d290,available,LOTE GENERAL 001,
PF-000331,https://farecoh.org/t/c7d2c69922e7dd518ab7c7663edc1e007f1a32f224c4386f0dbee47b9f86d605,available,LOTE GENERAL 001,
PF-000332,https://farecoh.org/t/b64bc2eb4aa1e723e20773d3c543537d635147d5e34f863a313c33c6ca7625e8,available,LOTE GENERAL 001,
PF-000333,https://farecoh.org/t/4bcf61d56c06d8b5d8cf00590832dc40070e83028942679bfcae24039205975b,available,LOTE GENERAL 001,
PF-000334,https://farecoh.org/t/b6b1c3a41ef58865659c884755c5dabbe5de45aa4dff8b1e4820e85e95477c02,available,LOTE GENERAL 001,
PF-000335,https://farecoh.org/t/0710cfcf7ed6e560dd4a25137bab956fd34aa1035263ebccfe7c4570981a547d,available,LOTE GENERAL 001,
PF-000336,https://farecoh.org/t/92780644d4a788b367e88802f8706d8daf9059e12b2f3673482fbfbe9870fa9e,available,LOTE GENERAL 001,
PF-000337,https://farecoh.org/t/1bdd0b27990af4bb8af1105824e1cdcb3e0ef220f71328e55bc7fdc921453197,available,LOTE GENERAL 001,
PF-000338,https://farecoh.org/t/2747830e9cb7a6d62abc60802d5e3072bfa7ef149dbae26bc17943e0e8f51353,available,LOTE GENERAL 001,
PF-000339,https://farecoh.org/t/91975424bae699cdf0ba43e90aa84b73fe05f15397d0898d0bb38370b03e404e,available,LOTE GENERAL 001,
PF-000340,https://farecoh.org/t/925c5e185018e0b35dd32c16a58207ae76ced040bed6a5c42fb68322290fb7bb,available,LOTE GENERAL 001,
PF-000341,https://farecoh.org/t/5839abda96d9925a00af60c4f21acc62dbf05e6b9a6bb675d41574adb38e0052,available,LOTE GENERAL 001,
PF-000342,https://farecoh.org/t/c585bedfc336034c3fdb3891c17abbb1201fc65ff748cb05d8bb96f10f3ad7ad,available,LOTE GENERAL 001,
PF-000343,https://farecoh.org/t/c46a04b70c35def97988ea9add18fa0c2a1a23a8ae163f5b16303c8ca3aef9b0,available,LOTE GENERAL 001,
PF-000344,https://farecoh.org/t/dba93f98c5f6ba64db1e4d6d198ad7c3d8525a6dc064945e2308409f141f435c,available,LOTE GENERAL 001,
PF-000345,https://farecoh.org/t/f208e12a9578a902271fc37272dad297e08ccfcc6cddb0675bd12886700380ca,available,LOTE GENERAL 001,
PF-000346,https://farecoh.org/t/1fcea23cf45af235fff770155cbb3fb6cd3f4ddfbd3eb81f05a7961aa8165aea,available,LOTE GENERAL 001,
PF-000347,https://farecoh.org/t/3ea3b41fc7ba97f812cced4e1ed603d05486cbdab57fc570dc662637cb574cdc,available,LOTE GENERAL 001,
PF-000348,https://farecoh.org/t/524aeb2592319fca4c55c07e511904602f1f1a35c2defd3da1e9013d97f4861c,available,LOTE GENERAL 001,
PF-000349,https://farecoh.org/t/8e8c921b9f531db1941f436b9677092bf33ba6b861d424058e08d8ebbe0780fa,available,LOTE GENERAL 001,
PF-000350,https://farecoh.org/t/b9c2618f6ef708336944af3ea9ed83a6f58a8bff0171056b743693164e3b1071,available,LOTE GENERAL 001,
PF-000351,https://farecoh.org/t/3d7dc1eac0a5a9f0ad1f9d85c8236f2fc092d1bc6a42bb14aa0f63e79dbaeaf8,available,LOTE GENERAL 001,
PF-000352,https://farecoh.org/t/3c0f67d85a808449b0713ca19352ec519ad0768a6063750d27399bd76dc67212,available,LOTE GENERAL 001,
PF-000353,https://farecoh.org/t/3324ec9c8c0f073a966a24c6f5d90e4e1e34b6135c226d2e71a345f60deccbf4,available,LOTE GENERAL 001,
PF-000354,https://farecoh.org/t/3d7df9a8845b9a06b76ed94362c00d4cf23c67f6a28b080c548ecaeb397b9830,available,LOTE GENERAL 001,
PF-000355,https://farecoh.org/t/cf6b16961736e01eff0c0b218d484d723471feba779ffd1f3a80e9ae9b655ba2,available,LOTE GENERAL 001,
PF-000356,https://farecoh.org/t/bf24dce1076430e21603bd2606335e51e9883c17a10c8609b5e5b3a508aaaf8f,available,LOTE GENERAL 001,
PF-000357,https://farecoh.org/t/7832fff0e6485000a1d7871201b21d5a4bb61679644e4619d117a891c7f20d53,available,LOTE GENERAL 001,
PF-000358,https://farecoh.org/t/8bd4cef1679ad60cd505ac4d99c0278b300a52ffb724930ae79fae950517844b,available,LOTE GENERAL 001,
PF-000359,https://farecoh.org/t/44b823a374066d1ab09e60980b902d7437f4c78018dfc443b0487f3fa24c77cb,available,LOTE GENERAL 001,
PF-000360,https://farecoh.org/t/8714b163ff82c7ae6a0a7ce6ec681d94ffb53933e4fe35279d8152d4c9505260,available,LOTE GENERAL 001,
PF-000361,https://farecoh.org/t/48a27ea5cb5b29d597d9e7d19cb679d481c421303249b785ebd86588cf7bdee8,available,LOTE GENERAL 001,
PF-000362,https://farecoh.org/t/dd5b1fece3e0d13aec6586b289c1b94f216f3e28d6df4219acacde058dda9f47,available,LOTE GENERAL 001,
PF-000363,https://farecoh.org/t/3af504e7c32e4899d69141a53744e8497c01169ad1db5c8ba0e6ee2829af8218,available,LOTE GENERAL 001,
PF-000364,https://farecoh.org/t/61a8c78c1d2228047edabd28f34ea9752bae6bda00a4a0e1b7e6913f2420d280,available,LOTE GENERAL 001,
PF-000365,https://farecoh.org/t/b31bc4e787c5c2470aaaaa0abac1e4e8dc1f85684d80f88a33a5bd0aace25450,available,LOTE GENERAL 001,
PF-000366,https://farecoh.org/t/61e18ddef13df39fb8d6081645ae23f50fc5deac99a0930ea9cfa9b2b12f7c38,available,LOTE GENERAL 001,
PF-000367,https://farecoh.org/t/ef192d65ca3877ab0744795c766ec2b4afea47fe55626e4b00e6a37a29172bbe,available,LOTE GENERAL 001,
PF-000368,https://farecoh.org/t/b95f3c17197afef8e5406648da6cb6ad89b15af603fb9fe1a64dc644850dfc67,available,LOTE GENERAL 001,
PF-000369,https://farecoh.org/t/d533ee31dd348c6b470890b7728dbc1c4960504884385ade7f4666a969b26d80,available,LOTE GENERAL 001,
PF-000370,https://farecoh.org/t/d4ac141eca28dcc18707f5e2fb9eefdb2bc3a1d4268f6ce840a29f49a08e1b7b,available,LOTE GENERAL 001,
PF-000371,https://farecoh.org/t/f20f1b465339716eb0fc4de1283c073d0656ff9927608338d6f418c919b24c14,available,LOTE GENERAL 001,
PF-000372,https://farecoh.org/t/9cd4e7560b605b7d81d550e1ad021a25d0949d18c3336a0eae2940c86057da84,available,LOTE GENERAL 001,
PF-000373,https://farecoh.org/t/cc2ab894cc2be0e294e7719dfb37214c2697e52865a7dafdd4098cf2876438c9,available,LOTE GENERAL 001,
PF-000374,https://farecoh.org/t/40367d687804cb6f247bf40360ebcd98ed6bf5a6bdd7f46753d35da1f3f8d530,available,LOTE GENERAL 001,
PF-000375,https://farecoh.org/t/d08ec7f903c1ed7f3150e5cbca6d7dadafa6a70f4882b4df47393ad5f7dc55fd,available,LOTE GENERAL 001,
PF-000376,https://farecoh.org/t/1aeb9455f04aa1c349631241b651385abeba58dc009d808cc2a28c4d810bb975,available,LOTE GENERAL 001,
PF-000377,https://farecoh.org/t/5242d38ba1aa72a979ee843b583462d078f142d962627f945043fb229a7c642b,available,LOTE GENERAL 001,
PF-000378,https://farecoh.org/t/54ffaafa89c46c026d794682101dd6b24628b1896c22b9689b8ef36b117bacae,available,LOTE GENERAL 001,
PF-000379,https://farecoh.org/t/c516bb068de7b77095e4d73813d3ad331482bb67334fc4638e568f7b7bc79257,available,LOTE GENERAL 001,
PF-000380,https://farecoh.org/t/0a1719d307f1fac7b3c8dd99b7d1e6a9c72824b3d8fbf592356aaf8201ad73c8,available,LOTE GENERAL 001,
PF-000381,https://farecoh.org/t/41155a9c2a8c27fda90ece077e6e9124ad6c412d0d86fac1c0083ce0738ae3e7,available,LOTE GENERAL 001,
PF-000382,https://farecoh.org/t/92e57c54db7f2a905eefb03f758c3df1fdae55d647582f1fd7b644b71efa937d,available,LOTE GENERAL 001,
PF-000383,https://farecoh.org/t/54fe5c971f64b44d9ffc75837023feb6945c6a6ed230edc4a78b36fdf4ee7d99,available,LOTE GENERAL 001,
PF-000384,https://farecoh.org/t/dbf21684a30f62790c049d937667a86168fb004364dc9ebc6d011bd7b4dd6638,available,LOTE GENERAL 001,
PF-000385,https://farecoh.org/t/7f7c9e6a606bdacd551682a549d3e089230530ada3987fe9f3f32e9bb442d338,available,LOTE GENERAL 001,
PF-000386,https://farecoh.org/t/5f63d2f26dc24de7be3c076d2bb72534d882e5e8fadb8baed6e053903415654d,available,LOTE GENERAL 001,
PF-000387,https://farecoh.org/t/8712509764747aee466fb515009c64d45710d2a2db08e3cfa1446d52070c89da,available,LOTE GENERAL 001,
PF-000388,https://farecoh.org/t/d00a2c41ec5aae00f3e1dcd37f639e85e18fa30541b5ee30d1596b210fcb404a,available,LOTE GENERAL 001,
PF-000389,https://farecoh.org/t/3bf53b0b967cdf04facc91a660deeb809b474af214978f2848ada86032664691,available,LOTE GENERAL 001,
PF-000390,https://farecoh.org/t/3ea56755091db7c9f0dfbb97c28578f4a2f48bb193dc8d2717dd816d8e83f43b,available,LOTE GENERAL 001,
PF-000391,https://farecoh.org/t/2a2bd3a5687181a2d7dcb203af3be462678738360aad8111656f45d000e7315f,available,LOTE GENERAL 001,
PF-000392,https://farecoh.org/t/114c533dec2cb8a9fb955f81ba9a4b4e55fd1342eabff4e0b9bc23b8127faaf9,available,LOTE GENERAL 001,
PF-000393,https://farecoh.org/t/9163181042e0785f7726c22a9857378cb5c6ad0eb0975b8dd2bdfec974036b7f,available,LOTE GENERAL 001,
PF-000394,https://farecoh.org/t/2d4176816b03210aaac0a287d54578a1cd4282f35c3f5aacac23cbb8234c01e8,available,LOTE GENERAL 001,
PF-000395,https://farecoh.org/t/dea9364e6228f3cd82e0b0ecf0871c58bb892b9f9622e0e7316a823dd106972c,available,LOTE GENERAL 001,
PF-000396,https://farecoh.org/t/d0467dcfbef2ecf448b36a045f5cfd2f27733e66ca732945e4f6af36a2253654,available,LOTE GENERAL 001,
PF-000397,https://farecoh.org/t/4b34df981b86f12c9ec02e8987f05a73fb055b731a0433a3a39dd5fe6b2e772c,available,LOTE GENERAL 001,
PF-000398,https://farecoh.org/t/707e5b2f2cb2979d6a7427ed46539c192d3b0bfb623c01d6a72876016552b309,available,LOTE GENERAL 001,
PF-000399,https://farecoh.org/t/62d6d402233deca84bf9e1e29452fadd63934b528f88f169dfab24c32adce389,available,LOTE GENERAL 001,
PF-000400,https://farecoh.org/t/ef19d9af8830f8b0510765ec157424bbb209b2346ce512c96dfaba5e7f80fc7b,available,LOTE GENERAL 001,
PF-000401,https://farecoh.org/t/d359cd31475fc394b6940aafa0b4a33b1d909e69147f8da264364c25cd28ed25,available,LOTE GENERAL 001,
PF-000402,https://farecoh.org/t/ca7daa56e0d967ec5b803a440b26002bbf03897e57d09f22c8388a42b73ec356,available,LOTE GENERAL 001,
PF-000403,https://farecoh.org/t/48b53ef1706ae897c25b97c5dcfcd50869f8bd161efa066c87dd84a68e4292c9,available,LOTE GENERAL 001,
PF-000404,https://farecoh.org/t/87587dde019acaf8d17bd81f9774f6b1db2c06f2799461d950bbcca75537bfbc,available,LOTE GENERAL 001,
PF-000405,https://farecoh.org/t/46f1af519f490a6c7ce1e15174312181aa35c52ffba4b98308303cd5dcac3c67,available,LOTE GENERAL 001,
PF-000406,https://farecoh.org/t/8e89c9cd1d0e28693ccac63df3c856f06843929df7d35dc22d2ceb50785fd6a1,available,LOTE GENERAL 001,
PF-000407,https://farecoh.org/t/f61c6f30a48e50f0425441df17966a011231853c092ef7e6627c4683123eef07,available,LOTE GENERAL 001,
PF-000408,https://farecoh.org/t/f5eefaaf709181114bc7dbf701f28c3adf0ef68250d062b2faeeaf4b0ae7aa30,available,LOTE GENERAL 001,
PF-000409,https://farecoh.org/t/6e4426db9e7f7602ba88d70f9755c22b7a1e445dba993f51a58a4323adf579f7,available,LOTE GENERAL 001,
PF-000410,https://farecoh.org/t/30d30987c59c397efa92f1c57e4420e16334689cb50dacdb3c77f5e453e86f7c,available,LOTE GENERAL 001,
PF-000411,https://farecoh.org/t/7de055e48c806840d9529f0fda777847e93b4df00c10744bd8afca9e5c679c0b,available,LOTE GENERAL 001,
PF-000412,https://farecoh.org/t/adfdd53e708c21c40982b344bc77a766e2cf79e04503cf28f14d5f5c07a913b9,available,LOTE GENERAL 001,
PF-000413,https://farecoh.org/t/987a538152f6807f2bc07df226cba59fc11212f6034f8cfcd176a9bfdde316b7,available,LOTE GENERAL 001,
PF-000414,https://farecoh.org/t/593dbe286bb78ffda6a71f14b7529cde13f3d874b1a926306705f9cc804e694d,available,LOTE GENERAL 001,
PF-000415,https://farecoh.org/t/653f04138155137902aaa195570840c5ecdc5361b404e13c458c42533c569aea,available,LOTE GENERAL 001,
PF-000416,https://farecoh.org/t/a9e5582baa99593aed806c623582e079df48e35d189428c3f56662fd63b65928,available,LOTE GENERAL 001,
PF-000417,https://farecoh.org/t/f1552a5754bdc519beec6cba0e00c159573ab53bda9a2d0a50d280369cea1b3a,available,LOTE GENERAL 001,
PF-000418,https://farecoh.org/t/dc29da082740058ad6f64bee414167136661ec810aa1cbe3869becfda07530f9,available,LOTE GENERAL 001,
PF-000419,https://farecoh.org/t/f95194a8b9e8702a10459b21bd24eca825cdc59c4d21922708f4561f89771103,available,LOTE GENERAL 001,
PF-000420,https://farecoh.org/t/ebb97db09293785b6b88a00075a839d35eb9987fbddbbe5352766cf281290f9a,available,LOTE GENERAL 001,
PF-000421,https://farecoh.org/t/a002719379e015f85ca9979f1f45ce4e6006c9535d6234551ccc5cb07433c021,available,LOTE GENERAL 001,
PF-000422,https://farecoh.org/t/b50ee944244964f613f99e24cf04b04fcb344a353afb2626318c2690a8b9d425,available,LOTE GENERAL 001,
PF-000423,https://farecoh.org/t/d416c71c05870ac7dfd1f45cb4e0c01fef6f6876bf9ff29a1f0a56605a075dee,available,LOTE GENERAL 001,
PF-000424,https://farecoh.org/t/ac3a17dd4a23783995de9d569d1d6e9ae4cd2be07585f308375a56431ad5b1b2,available,LOTE GENERAL 001,
PF-000425,https://farecoh.org/t/c947a24699cb17c477e205431024bd97fbd367b1f0241a479e08e2b41cef1389,available,LOTE GENERAL 001,
PF-000426,https://farecoh.org/t/a2cc0bab92c242ce7845f414d0f224716612c1697e19d8a1ae24b48e9d66898b,available,LOTE GENERAL 001,
PF-000427,https://farecoh.org/t/8fb0f8f4999ec4f288feca88760a511ab9ce5a22386daa3c2d0e025d4dec108b,available,LOTE GENERAL 001,
PF-000428,https://farecoh.org/t/ef5170621020158e81a87f4c914e7df8554373e01447a432ff76de11d3206583,available,LOTE GENERAL 001,
PF-000429,https://farecoh.org/t/d8fd41038a17b8af8621f5f3bd0304aa3ab9595450358b5910c90b6f885e55ae,available,LOTE GENERAL 001,
PF-000430,https://farecoh.org/t/5268b49e0f80ce7dcf258e3c5a9dc41cff095fb099ad403dffe6734947cdaf4a,available,LOTE GENERAL 001,
PF-000431,https://farecoh.org/t/99a70fbd7fdf9c1166af7546c1749ac43ee34c85390a80cb2c88c1518fb65317,available,LOTE GENERAL 001,
PF-000432,https://farecoh.org/t/5ed22a2b3376c20d3dff8dcbb2d8edcdeaf85ffaae5eaabda6740f8540662a7f,available,LOTE GENERAL 001,
PF-000433,https://farecoh.org/t/83a93b244e97e81df04fa77fa8e9a1c28b95dfadfef476653445cc3e7ee130a2,available,LOTE GENERAL 001,
PF-000434,https://farecoh.org/t/d1663a5f5209d0ac22e907422be405694f21dcf1182653328cc3b674ec8b8d66,available,LOTE GENERAL 001,
PF-000435,https://farecoh.org/t/79cb8cd46dce66ba29ed274cb6b02f56a1f38b35ba073211bdf1fe72d033de79,available,LOTE GENERAL 001,
PF-000436,https://farecoh.org/t/538936807367aea8332bef184bfbf5f6a222bf48527e688b79cbef56e74343b5,available,LOTE GENERAL 001,
PF-000437,https://farecoh.org/t/85257c0b820fbc2222dd866492eaf0656a656a12df3c9d6f32e013a221a43284,available,LOTE GENERAL 001,
PF-000438,https://farecoh.org/t/490d74b3635da18a6bf58b841ec2ba0221c8633e8e865ccd3d454e5d698f6859,available,LOTE GENERAL 001,
PF-000439,https://farecoh.org/t/b3f2a329fa5343d903afb5f99b95fe4de52672be414840226a7e79f5fce2b34d,available,LOTE GENERAL 001,
PF-000440,https://farecoh.org/t/6116aa26b862855608cdf64b1ae537a9bbb882f2bff32fcdc399427bbbbacb61,available,LOTE GENERAL 001,
PF-000441,https://farecoh.org/t/cfc8b2e66c7ea00e8c74e952c7a271a6f437568178c8adae0bf17b42f0d10d38,available,LOTE GENERAL 001,
PF-000442,https://farecoh.org/t/6b7ff99a877126054cf6d8f8329b361d1b1e33d6bc3f086861b6b0fadbe3a7c8,available,LOTE GENERAL 001,
PF-000443,https://farecoh.org/t/6b4ddd185872894c8c08edcdc8e4c262cd3e22207f9119683668b5503f47ee12,available,LOTE GENERAL 001,
PF-000444,https://farecoh.org/t/45bd35a0ccb5a6d6e66f5ff482134b96387416530d704240064839f1438cd047,available,LOTE GENERAL 001,
PF-000445,https://farecoh.org/t/6ee052321c85b86002642b3e6c5a3038afca9ffa0bbdefda4f5e82bf1679e5ec,available,LOTE GENERAL 001,
PF-000446,https://farecoh.org/t/a6664621b8a4af4a38907c6b6151de2d04fc34e4952e793c5dbe85ab59feff25,available,LOTE GENERAL 001,
PF-000447,https://farecoh.org/t/43b370d428bbcf5a797b524ff0296986815dc8c9231e4ed97a6a53e64f0b650b,available,LOTE GENERAL 001,
PF-000448,https://farecoh.org/t/bc8fb3a169bac8371dfd7254ab05f0f11a70301c97961e9629d61b1b0de8f3f7,available,LOTE GENERAL 001,
PF-000449,https://farecoh.org/t/ca2b9905f584268d34af6ca5ce5eca7511f8f7801f865123dd776527a9a1e2d5,available,LOTE GENERAL 001,
PF-000450,https://farecoh.org/t/e86768e7eae0f6ce90fd35f6a182253e46ec86bf7ab7557e64d936c4768583b9,available,LOTE GENERAL 001,
PF-000451,https://farecoh.org/t/391628cbafb0809a50147d733f09e75beccbf272487085000de68114d7286e01,available,LOTE GENERAL 001,
PF-000452,https://farecoh.org/t/032da047f9dc42c0e1e969b49c5c0c080ae5165fa922000556297abdc93b26d7,available,LOTE GENERAL 001,
PF-000453,https://farecoh.org/t/0870dd62d4282c29078d65f61330ea86b5d507de17f96cc638ab16a477c13e55,available,LOTE GENERAL 001,
PF-000454,https://farecoh.org/t/8e28a5619dca6da5fc89ec0c5dbabde2cc3d0f79f7ba4c6b94839677522163a0,available,LOTE GENERAL 001,
PF-000455,https://farecoh.org/t/eb8b2dab0bbba426ae6429ca0ef312b7ae48100f56804ada6381ecfd11df771c,available,LOTE GENERAL 001,
PF-000456,https://farecoh.org/t/a13fc1d143f4cb2a1931885eaeaa762cca6db222371d2acea8f3d111afa41dbd,available,LOTE GENERAL 001,
PF-000457,https://farecoh.org/t/f95e976aaac95eb64914e2a53cf9d34fc4e75049c61719631b1eda0cf1f0428e,available,LOTE GENERAL 001,
PF-000458,https://farecoh.org/t/8f6900be3fc511ab814e7ea1a9fb96d0105f32f9281f50bf4d2549cf2d330093,available,LOTE GENERAL 001,
PF-000459,https://farecoh.org/t/60eaaa692c862db9aaf9b35ba0ea6ba3547818c8394006a07b5a1a5009718a8f,available,LOTE GENERAL 001,
PF-000460,https://farecoh.org/t/4aabc6d1990deef84c5ca6515f30772a124b7d4502dd49150b694219ac0e24ce,available,LOTE GENERAL 001,
PF-000461,https://farecoh.org/t/ea9a61d176f4c92ace3529df1fd3a35725e7becb3347a01292544a5f79e0673d,available,LOTE GENERAL 001,
PF-000462,https://farecoh.org/t/ebdc7778a58d1ee9be66057fc5e0f2f185b08b261ce8fbefb78200e416cdc79d,available,LOTE GENERAL 001,
PF-000463,https://farecoh.org/t/ec21c4b81a831a748f7c599c860713371b90a6e0866bf63a14ead4d6df851eea,available,LOTE GENERAL 001,
PF-000464,https://farecoh.org/t/9e86ad7f20a0d2b55f728a7fee8c4f853505eae1a736cbb04726742a6a0fc9b6,available,LOTE GENERAL 001,
PF-000465,https://farecoh.org/t/c2228a0adc59b0dd9529f9bd55f86099b6fd00d50b64f4467d9250a7a1566bb9,available,LOTE GENERAL 001,
PF-000466,https://farecoh.org/t/5fe95d4e15e8e6a699ae7f6a610fe90d5700d546ef5797025c5c9ca903553cef,available,LOTE GENERAL 001,
PF-000467,https://farecoh.org/t/16188863f4fc756fc84beb8ed530bc02c23f1435e7bcbc6a48cd21cc5328a78b,available,LOTE GENERAL 001,
PF-000468,https://farecoh.org/t/8d2211ef332e17f0715b2e5970f9a03a6b110a40ab99100ef645db6a32e2f103,available,LOTE GENERAL 001,
PF-000469,https://farecoh.org/t/5994cb414c5c0bb8179d3cd71b359cecd1668653be1ea830479e6fdae732e77a,available,LOTE GENERAL 001,
PF-000470,https://farecoh.org/t/6b34155c0218460fd263d768a1a8a4e154de2c134958d2f78c0a1af7a92d64a4,available,LOTE GENERAL 001,
PF-000471,https://farecoh.org/t/70b313f5b2ed71e168bb80b4a78fa499416d45a1e44d334ced28acab333b7592,available,LOTE GENERAL 001,
PF-000472,https://farecoh.org/t/da300ec95f21b83e7196d28f9bc47ba510975133c749b6efd50033e70aaed990,available,LOTE GENERAL 001,
PF-000473,https://farecoh.org/t/347fad9209f4a1275bc00d4dc36ae1814c555aef1084ea21acad758d5f9fefc9,available,LOTE GENERAL 001,
PF-000474,https://farecoh.org/t/ae319b2ab46263482b92a631101bfac8c8db2541fbe47d156b739a4af1eeb001,available,LOTE GENERAL 001,
PF-000475,https://farecoh.org/t/6ed38b07bf58c7e910edf73767f15a4898594ab7f97641f3309fb710a7155359,available,LOTE GENERAL 001,
PF-000476,https://farecoh.org/t/6260cb0dad932a0a2bd6999510f9b0c6c7546c6868251a1b31e6185b9376e252,available,LOTE GENERAL 001,
PF-000477,https://farecoh.org/t/a5aa9761a679ddf517e0ac67cad4865781e5014cf5bd9637d73937f02b0a64e2,available,LOTE GENERAL 001,
PF-000478,https://farecoh.org/t/7a0ffc3fa83a9cc7c956696af18a9a2ff3ad79fdb6c461347b55d9a21d4fdbd4,available,LOTE GENERAL 001,
PF-000479,https://farecoh.org/t/1ea2850a59e2706f583932fd99bd647eb0839bfed6dd012af3579e2b03f5e665,available,LOTE GENERAL 001,
PF-000480,https://farecoh.org/t/76293ff2a42d32aaa3613eadcf50ad94a79e1178efd2ae113257922f95a03f41,available,LOTE GENERAL 001,
PF-000481,https://farecoh.org/t/21796ea4c0e3e49376f372d6e1948e36a034c14c214079a3adf5feaee240deaa,available,LOTE GENERAL 001,
PF-000482,https://farecoh.org/t/144534ba4b02c77b9fdfe996833207b4cd9206f9f8b399ec37b284c02bbb2be7,available,LOTE GENERAL 001,
PF-000483,https://farecoh.org/t/3cdb79b2142efa77c5beb353f3421dd70f75fd3b138b349cfe2a660ff836286d,available,LOTE GENERAL 001,
PF-000484,https://farecoh.org/t/73ee1d6567f4498e2c4618347ff510ce15259efaedf61129498635e0a8449a49,available,LOTE GENERAL 001,
PF-000485,https://farecoh.org/t/4477e390a9d320fb45c739b124795877c1e14c3476e16a6e499ac746dba4ff7b,available,LOTE GENERAL 001,
PF-000486,https://farecoh.org/t/1c5f1456201f9896ff760cbad53e5916f8f2739c7fa36ec3f251e3a4f116d1b9,available,LOTE GENERAL 001,
PF-000487,https://farecoh.org/t/f480966edebd4d131046b26417d95f844a155b2a87e60cd8908f7c9df417dd5f,available,LOTE GENERAL 001,
PF-000488,https://farecoh.org/t/65d4cbbdd6bee9f1d0381169ef94ae2510edd05363b5e29a0d7747ca66399553,available,LOTE GENERAL 001,
PF-000489,https://farecoh.org/t/8659475b6d7feb77b0ea9def4a5a0f6e92da8d237931cdd0de874bda2b72b4d0,available,LOTE GENERAL 001,
PF-000490,https://farecoh.org/t/632bb5981004b469e11f0b9f9ec76ced82595ef76fb4a1c928d9f4b6b1210b3e,available,LOTE GENERAL 001,
PF-000491,https://farecoh.org/t/a113820b3a8a1c25d5cffd9e74220395cb4694218b40fc3def8fb274ba58ba91,available,LOTE GENERAL 001,
PF-000492,https://farecoh.org/t/d7e997507176419e19e8c38a95820eab2550fa574fb38fdc4835bb69b21476db,available,LOTE GENERAL 001,
PF-000493,https://farecoh.org/t/81ede897c9e43b2f280ddf858787e4eb57b7173d2d4c3218e8f2e0e7b2fde182,available,LOTE GENERAL 001,
PF-000494,https://farecoh.org/t/8c99460dad624b45889e78bd7f21aae86b4276d586fb70f977076eba3abae400,available,LOTE GENERAL 001,
PF-000495,https://farecoh.org/t/b096a301b23ef453dfd1df84ce64f98ffe952d842b9502d2b97417022f1767be,available,LOTE GENERAL 001,
PF-000496,https://farecoh.org/t/9da832413f27ba88ec4ae0a25bb28670c070860c60e1b332c5e9f37c23ea0ca0,available,LOTE GENERAL 001,
PF-000497,https://farecoh.org/t/8438506af0837866e2765b1cd9142de7869b21f37e17aad529e4dd3f915e773d,available,LOTE GENERAL 001,
PF-000498,https://farecoh.org/t/f93751a6af21e1f927c9e594a9ebd6475c3f936316a126d70290c9f65a3a70f6,available,LOTE GENERAL 001,
PF-000499,https://farecoh.org/t/c3a11e745e55f3f7a710d6bf4b9673d5e46ca76c652e861fa68700206e65fe54,available,LOTE GENERAL 001,
PF-000500,https://farecoh.org/t/487b91844f5286f20a05b8e18515e831b95fa188aeb590c9589fc53c16997981,available,LOTE GENERAL 001,
